-- --------------------------------------------------------
-- Host:                         127.0.0.1
-- Server version:               5.5.35 - MySQL Community Server (GPL)
-- Server OS:                    Win32
-- HeidiSQL version:             7.0.0.4053
-- Date/time:                    2014-03-02 05:05:29
-- --------------------------------------------------------

/*!40101 SET @OLD_CHARACTER_SET_CLIENT=@@CHARACTER_SET_CLIENT */;
/*!40101 SET NAMES utf8 */;
/*!40014 SET FOREIGN_KEY_CHECKS=0 */;
-- Dumping data for table librarydb.author: ~4 rows (approximately)
/*!40000 ALTER TABLE `author` DISABLE KEYS */;
INSERT INTO `author` (`ID`, `FIRST_NAME`, `LAST_NAME`) VALUES
	(1, 'Lev', 'Tolstoy'),
	(2, 'Stiven', 'King'),
	(3, 'Richard', 'Castle'),
	(4, 'Boogie', 'Man');
/*!40000 ALTER TABLE `author` ENABLE KEYS */;

-- Dumping data for table librarydb.book: ~4 rows (approximately)
/*!40000 ALTER TABLE `book` DISABLE KEYS */;
INSERT INTO `book` (`ID`, `ISBN`, `NAME`, `DESCRIPTION`, `BOOK_SERIAL_ID`, `PUBLISHER_ID`) VALUES
	(1, 'isbn1', 'bookName1', 'bookDescription1', 3, 5),
	(2, 'isbn2', 'bookName2', 'bookDescription2', 5, 2),
	(3, 'isbn3', 'bookName3', 'bookDescription3', 5, 2),
	(5, 'isbn4', 'bookName4', 'bookDescription4', 4, 4);
/*!40000 ALTER TABLE `book` ENABLE KEYS */;

-- Dumping data for table librarydb.book_author: ~6 rows (approximately)
/*!40000 ALTER TABLE `book_author` DISABLE KEYS */;
INSERT INTO `book_author` (`BOOK_ID`, `AUTHOR_ID`) VALUES
	(3, 2),
	(2, 3),
	(5, 3),
	(1, 4),
	(2, 4),
	(5, 4);
/*!40000 ALTER TABLE `book_author` ENABLE KEYS */;

-- Dumping data for table librarydb.book_exemplar: ~7 rows (approximately)
/*!40000 ALTER TABLE `book_exemplar` DISABLE KEYS */;
INSERT INTO `book_exemplar` (`ID`, `BOOK_ID`, `LIBRARY_CODE`, `IS_ACTIVE`) VALUES
	(1, 1, '4', 1),
	(2, 2, '1', 0),
	(3, 1, '3', 0),
	(6, 1, '1', 0),
	(8, 1, '2', 1),
	(9, 3, '1', 0),
	(10, 1, '5', 0);
/*!40000 ALTER TABLE `book_exemplar` ENABLE KEYS */;

-- Dumping data for table librarydb.book_exemplar_user: ~0 rows (approximately)
/*!40000 ALTER TABLE `book_exemplar_user` DISABLE KEYS */;
/*!40000 ALTER TABLE `book_exemplar_user` ENABLE KEYS */;

-- Dumping data for table librarydb.book_exemplar_user_history: ~0 rows (approximately)
/*!40000 ALTER TABLE `book_exemplar_user_history` DISABLE KEYS */;
/*!40000 ALTER TABLE `book_exemplar_user_history` ENABLE KEYS */;

-- Dumping data for table librarydb.book_genre: ~12 rows (approximately)
/*!40000 ALTER TABLE `book_genre` DISABLE KEYS */;
INSERT INTO `book_genre` (`BOOK_ID`, `GENRE_ID`) VALUES
	(1, 1),
	(2, 1),
	(2, 2),
	(3, 2),
	(1, 3),
	(2, 3),
	(5, 3),
	(2, 4),
	(3, 4),
	(5, 4),
	(1, 5),
	(5, 5);
/*!40000 ALTER TABLE `book_genre` ENABLE KEYS */;

-- Dumping data for table librarydb.book_serial: ~5 rows (approximately)
/*!40000 ALTER TABLE `book_serial` DISABLE KEYS */;
INSERT INTO `book_serial` (`ID`, `NAME`, `DESCRIPTION`) VALUES
	(1, 'bookSerial1', 'bookSerial description1'),
	(2, 'bookSerial2', 'bookSerial description2'),
	(3, 'bookSerial3', 'bookSerial description3'),
	(4, 'bookSerial4', 'bookSerial description4'),
	(5, 'bookSerial5', 'bookSerial description5');
/*!40000 ALTER TABLE `book_serial` ENABLE KEYS */;

-- Dumping data for table librarydb.genre: ~5 rows (approximately)
/*!40000 ALTER TABLE `genre` DISABLE KEYS */;
INSERT INTO `genre` (`ID`, `NAME`, `DESCRIPTION`) VALUES
	(1, 'genre1', 'genre1 description'),
	(2, 'genre2', 'genre2 description'),
	(3, 'genre3', 'genre3 description'),
	(4, 'genre4', 'genre4 description'),
	(5, 'genre5', 'genre5 description');
/*!40000 ALTER TABLE `genre` ENABLE KEYS */;

-- Dumping data for table librarydb.global_setting: ~0 rows (approximately)
/*!40000 ALTER TABLE `global_setting` DISABLE KEYS */;
/*!40000 ALTER TABLE `global_setting` ENABLE KEYS */;

-- Dumping data for table librarydb.language: ~2 rows (approximately)
/*!40000 ALTER TABLE `language` DISABLE KEYS */;
INSERT INTO `language` (`ID`, `SHORT_NAME`, `NAME`) VALUES
	(1, 'ru', 'Русский'),
	(2, 'en', 'English');
/*!40000 ALTER TABLE `language` ENABLE KEYS */;

-- Dumping data for table librarydb.message: ~583 rows (approximately)
/*!40000 ALTER TABLE `message` DISABLE KEYS */;
INSERT INTO `message` (`ID`, `CODE`, `LANGUAGE_ID`, `MESSAGE`) VALUES
	(1, 'pages.login.title', 2, 'Login page'),
	(2, 'pages.loginForm.title', 2, 'Sign in to Library System'),
	(3, 'pages.loginForm.username', 2, 'User name'),
	(4, 'pages.loginForm.password', 2, 'Password'),
	(5, 'pages.loginForm.submit', 2, 'Sign In'),
	(6, 'pages.login.errors.loginIsWrong', 2, 'No such user or password is incorrect'),
	(7, 'pages.login.errors.loginIsEmpty', 2, 'Login should be specified'),
	(8, 'pages.login.errors.passwordIsEmpty', 2, 'Password should be specified'),
	(9, 'pages.header.welcome', 2, 'Welcome, {0}!'),
	(10, 'pages.header.logout', 2, 'Logout'),
	(11, 'pages.footer.basedOn', 2, 'Based on'),
	(12, 'pages.standard.title', 2, 'Library System'),
	(13, 'pages.standard.top_menu.userManagement', 2, 'User management'),
	(14, 'pages.standard.top_menu.roleManagement', 2, 'Role management'),
	(15, 'pages.standard.top_menu.libraryManagement', 2, 'Library management'),
	(16, 'pages.standard.top_menu.personalManagement', 2, 'Personal management'),
	(17, 'pages.userManagement.addUser', 2, 'Add user'),
	(18, 'pages.userManagement.addUser.title', 2, 'Add new user'),
	(19, 'pages.userManagement.addUser.login', 2, 'User login'),
	(20, 'pages.userManagement.addUser.password', 2, 'User password'),
	(21, 'pages.userManagement.addUser.firstName', 2, 'First name'),
	(22, 'pages.userManagement.addUser.lastName', 2, 'Last name'),
	(23, 'pages.userManagement.addUser.passportNumber', 2, 'Passport number'),
	(24, 'pages.userManagement.addUser.address', 2, 'User address'),
	(25, 'pages.userManagement.addUser.add', 2, 'Add user'),
	(26, 'pages.userManagement.listUsers', 2, 'List of users'),
	(27, 'pages.userManagement.findUser', 2, 'Find user'),
	(28, 'pages.userManagement.findUser.allPagesAreEmpty', 2, 'At least one criteria should be specified'),
	(29, 'pages.userManagement.infoUser.title', 2, 'Info about user: {0}'),
	(30, 'pages.userManagement.infoUser.login', 2, 'User login'),
	(31, 'pages.userManagement.infoUser.password', 2, 'User password'),
	(32, 'pages.userManagement.infoUser.firstName', 2, 'First name'),
	(33, 'pages.userManagement.infoUser.lastName', 2, 'Last name'),
	(34, 'pages.userManagement.infoUser.passportNumber', 2, 'Passport number'),
	(35, 'pages.userManagement.infoUser.address', 2, 'User address'),
	(36, 'pages.userManagement.infoUser.isActive', 2, 'Activation status'),
	(37, 'pages.userManagement.infoUser.update', 2, 'Update user info'),
	(38, 'pages.userManagement.infoUser.Roles', 2, 'List of roles'),
	(39, 'pages.userManagement.infoUser.Roles.delete', 2, 'Remove role'),
	(40, 'pages.userManagement.infoUser.Roles.addRole', 2, 'Add Role'),
	(41, 'pages.userManagement.updateUser.title', 2, 'Updating information about user'),
	(42, 'pages.userManagement.updateUser.back', 2, 'Back to user information'),
	(43, 'pages.userManagement.updateUser.errors.passportNumber', 2, 'Passport number should be specified'),
	(44, 'pages.userManagement.updateUser.errors.loginExists', 2, 'Such login already exists'),
	(45, 'pages.userManagement.updateUser.errors.passNumberExists', 2, 'Such passport number already exists'),
	(46, 'pages.userManagement.userFind.title', 2, 'Search users by'),
	(47, 'pages.userManagement.userFind.firstName', 2, 'Part of first name'),
	(48, 'pages.userManagement.userFind.lastName', 2, 'Part of last name'),
	(49, 'pages.userManagement.userFind.address', 2, 'Part of address'),
	(50, 'pages.userManagement.userFind.passport', 2, 'Part of passport number'),
	(51, 'pages.userManagement.userFind.actions.find', 2, 'Search'),
	(52, 'pages.userManagement.userList.title', 2, 'List of users'),
	(53, 'pages.userManagement.userList.login', 2, 'User login'),
	(54, 'pages.userManagement.userList.password', 2, 'User password'),
	(55, 'pages.userManagement.userList.firstName', 2, 'First name'),
	(56, 'pages.userManagement.userList.lastName', 2, 'Last name'),
	(57, 'pages.userManagement.userList.passportNumber', 2, 'Passport number'),
	(58, 'pages.userManagement.userList.address', 2, 'User address'),
	(59, 'pages.userManagement.userList.isActive', 2, 'Activation status'),
	(60, 'pages.userManagement.userList.actions.info', 2, 'Info'),
	(61, 'pages.userManagement.userList.noFound', 2, 'No users found'),
	(62, 'pages.userManagement.addRoles.name', 2, 'Role name'),
	(63, 'pages.userManagement.addRoles.description', 2, 'Description of role'),
	(64, 'pages.userManagement.addRoles.actions.info', 2, 'View info'),
	(65, 'pages.userManagement.addRoles.actions.add', 2, 'Add roles'),
	(66, 'pages.roleManagement.addRole', 2, 'Add role'),
	(67, 'pages.roleManagement.addRole.title', 2, 'Adding new role'),
	(68, 'pages.roleManagement.addRole.createRole', 2, 'Create new role'),
	(69, 'pages.roleManagement.infoRole.errors.nameEmpty', 2, 'Role name should be specified'),
	(70, 'pages.roleManagement.infoRole.errors.nameExists', 2, 'Such role name already exists'),
	(71, 'pages.roleManagement.infoRole.title', 2, 'Information about role: {0}'),
	(72, 'pages.roleManagement.infoRole.name', 2, 'Role name'),
	(73, 'pages.roleManagement.infoRole.description', 2, 'Description of role'),
	(74, 'pages.roleManagement.infoRole.actions.update', 2, 'Update role info'),
	(75, 'pages.roleManagement.infoRole.permissionRole', 2, 'View permissions of role'),
	(76, 'pages.roleManagement.listRoles', 2, 'List of roles'),
	(77, 'pages.roleManagement.listRoles.actions.info', 2, 'View info'),
	(78, 'pages.roleManagement.listRoles.title', 2, 'List of roles'),
	(79, 'pages.roleManagement.listRoles.title.notFound', 2, 'No roles found'),
	(80, 'pages.roleManagement.updateRole.title', 2, 'Updating information about role'),
	(81, 'pages.roleManagement.updateRole.back', 2, 'Back to role information'),
	(82, 'pages.roleManagement.findRole', 2, 'Find role'),
	(83, 'pages.roleManagement.findRole.name', 2, 'Part of role name'),
	(84, 'pages.roleManagement.findRole.description', 2, 'Part of role description'),
	(85, 'pages.roleManagement.findRole.title', 2, 'Search roles by'),
	(86, 'pages.roleManagement.findRole.findRoles', 2, 'Find roles'),
	(87, 'pages.roleManagement.findRole.errors.emptyFields', 2, 'At least one criteria should be specified'),
	(88, 'pages.roleManagement.permission.forRole', 2, 'Permissions for {0} role'),
	(89, 'pages.roleManagement.permission.back', 2, 'Back to permissions of role'),
	(90, 'pages.roleManagement.permission.addForRole', 2, 'Add permissions for {0} role'),
	(91, 'pages.roleManagement.permission.notFound', 2, 'No permissions found'),
	(92, 'pages.roleManagement.permission.code', 2, 'Permission code'),
	(93, 'pages.roleManagement.permission.description', 2, 'Permission description'),
	(94, 'pages.roleManagement.permission.addToRole', 2, 'Add to role'),
	(95, 'pages.roleManagement.permission.remove', 2, 'Remove'),
	(96, 'pages.roleManagement.permission.deletePermission', 2, 'Delete permissions from role'),
	(97, 'pages.roleManagement.permission.addPermission', 2, 'Add permissions in role'),
	(98, 'pages.libraryManagement.backToLibraryManagement', 2, 'Back to library management'),
	(99, 'pages.libraryManagement.bookManagement', 2, 'Book management'),
	(100, 'pages.libraryManagement.bookManagement.back', 2, 'Back to book management'),
	(101, 'pages.libraryManagement.bookExemplarManagement', 2, 'Book exemplar management'),
	(102, 'pages.libraryManagement.bookTypeManagement', 2, 'Book type management'),
	(103, 'pages.libraryManagement.bookSerialManagement', 2, 'Book serial management'),
	(104, 'pages.libraryManagement.genreManagement', 2, 'Genre management'),
	(105, 'pages.libraryManagement.authorManagement', 2, 'Author management'),
	(106, 'pages.libraryManagement.publisherManagement', 2, 'Publisher management'),
	(107, 'pages.libraryManagement.bookOrderingManagement', 2, 'Book ordering management'),
	(108, 'pages.libraryManagement.bookHistoryManagement', 2, 'Book history management'),
	(109, 'pages.libraryManagement.bookExemplar.libraryCode', 2, 'Library code'),
	(110, 'pages.libraryManagement.bookExemplar.isActive', 2, 'Activated status'),
	(111, 'pages.libraryManagement.bookExemplar.actions.update', 2, 'Update book exemplar'),
	(112, 'pages.libraryManagement.infoBookExemplar.title', 2, 'Information about {0}:{1}:{2} book exemplar'),
	(113, 'pages.libraryManagement.updateBookExemplar.actions.back', 2, 'Back to book exemplar'),
	(114, 'pages.libraryManagement.addBook', 2, 'Add book'),
	(115, 'pages.libraryManagement.addBook.back', 2, 'Back to book exemplar'),
	(116, 'pages.libraryManagement.addBook.save', 2, 'Save book'),
	(117, 'pages.libraryManagement.addBook.error.bookNameIsEmpty', 2, 'Book name should be specified'),
	(118, 'pages.libraryManagement.addBook.error.libraryCodeIsEmpty', 2, 'Library code of book should be specified'),
	(119, 'pages.libraryManagement.addBook.error.isbnIsEmpty', 2, 'ISBN should be specified'),
	(120, 'pages.libraryManagement.addBook.error.isbnExists', 2, 'ISBN already exists'),
	(121, 'pages.libraryManagement.addBook.error.isbnWithSuchLibraryCodeExists', 2, 'Such library code exists for selected ISBN'),
	(122, 'pages.libraryManagement.addBook.error.noBookISBN', 2, 'Book ISBN should be selected'),
	(123, 'pages.libraryManagement.addBook.error.noPublisher', 2, 'Publisher should be selected'),
	(124, 'pages.libraryManagement.addBook.error.noAuthors', 2, 'At least one author should be selected'),
	(125, 'pages.libraryManagement.addBook.error.noGenres', 2, 'At least one genre should be selected'),
	(126, 'pages.libraryManagement.addBook.noISBN', 2, 'No ISBN specified'),
	(127, 'pages.libraryManagement.addBook.noBookName', 2, 'Book name should be specified'),
	(128, 'pages.libraryManagement.addBook.noBookDescription', 2, 'No book description found'),
	(129, 'pages.libraryManagement.addBook.noBookSerial', 2, 'No book serial specified'),
	(130, 'pages.libraryManagement.addBook.noPublisher', 2, 'No publisher specified'),
	(131, 'pages.libraryManagement.addBook.noAuthors', 2, 'No authors specified'),
	(132, 'pages.libraryManagement.addBook.noGenres', 2, 'No genres specified'),
	(133, 'pages.libraryManagement.addBook.title', 2, 'Adding new book'),
	(134, 'pages.libraryManagement.addBook.addISBN', 2, 'Select ISBN'),
	(135, 'pages.libraryManagement.addBook.addBookSerial', 2, 'Select book serial'),
	(136, 'pages.libraryManagement.addBook.addPublisher', 2, 'Select publisher'),
	(137, 'pages.libraryManagement.addBook.addAuthors', 2, 'Select authors'),
	(138, 'pages.libraryManagement.addBook.addGenres', 2, 'Select genres'),
	(139, 'pages.libraryManagement.listAssigned', 2, 'List of assigned book'),
	(140, 'pages.libraryManagement.findAssigned', 2, 'Find assigned book'),
	(141, 'pages.libraryManagement.listHistory', 2, 'List of books in history'),
	(142, 'pages.libraryManagement.findHistory', 2, 'Find book in history'),
	(143, 'pages.libraryManagement.bookType.isbn', 2, 'ISBN'),
	(144, 'pages.libraryManagement.bookType.name', 2, 'Book name'),
	(145, 'pages.libraryManagement.bookType.description', 2, 'Description'),
	(146, 'pages.libraryManagement.bookType.bookSerial', 2, 'Book serial'),
	(147, 'pages.libraryManagement.bookType.publisher', 2, 'Publisher'),
	(148, 'pages.libraryManagement.bookType.authors', 2, 'Book authors'),
	(149, 'pages.libraryManagement.bookType.genres', 2, 'Book genres'),
	(150, 'pages.libraryManagement.bookType.actions.info', 2, 'Info'),
	(151, 'pages.libraryManagement.bookType.actions.delete', 2, 'Delete'),
	(152, 'pages.libraryManagement.bookType.actions.apply', 2, 'Apply'),
	(153, 'pages.libraryManagement.infoBookType.title', 2, 'Information about {0} book'),
	(154, 'pages.libraryManagement.infoBookType.viewBookSerial', 2, 'View book serial'),
	(155, 'pages.libraryManagement.infoBookType.viewPublisher', 2, 'View publisher'),
	(156, 'pages.libraryManagement.infoBookType.viewAuthors', 2, 'View authors'),
	(157, 'pages.libraryManagement.infoBookType.viewGenres', 2, 'View genres'),
	(158, 'pages.libraryManagement.infoBookType.additionalInfo.bookSerial', 2, 'Additional information about related book serial'),
	(159, 'pages.libraryManagement.infoBookType.additionalInfo.bookSerial.notFound', 2, 'Book type doesn\'t have book serial'),
	(160, 'pages.libraryManagement.infoBookType.additionalInfo.publisher', 2, 'Additional information about related publisher'),
	(161, 'pages.libraryManagement.infoBookType.additionalInfo.authors', 2, 'Additional information about related authors'),
	(162, 'pages.libraryManagement.infoBookType.additionalInfo.genres', 2, 'Additional information about related genres'),
	(163, 'pages.libraryManagement.infoBookType.actions.update', 2, 'Update book type'),
	(164, 'pages.libraryManagement.addBookType', 2, 'Add book type'),
	(165, 'pages.libraryManagement.listBookTypes', 2, 'List book types'),
	(166, 'pages.libraryManagement.listBookType.title', 2, 'List of all book types'),
	(167, 'pages.libraryManagement.listBookType.notFound', 2, 'No book types found'),
	(168, 'pages.libraryManagement.findBookType', 2, 'Find book type'),
	(169, 'pages.libraryManagement.findBookType.title', 2, 'Search book types by'),
	(170, 'pages.libraryManagement.findBookType.isbn', 2, 'Part of ISBN'),
	(171, 'pages.libraryManagement.findBookType.name', 2, 'Part of name'),
	(172, 'pages.libraryManagement.findBookType.description', 2, 'Part of description'),
	(173, 'pages.libraryManagement.findBookType.actions.find', 2, 'Search'),
	(174, 'pages.libraryManagement.findBookType.errors.emptyFields', 2, 'At least one criteria should be specified'),
	(175, 'pages.libraryManagement.addBookType.title', 2, 'Adding new book type'),
	(176, 'pages.libraryManagement.addBookType.actions.save', 2, 'Save book type'),
	(177, 'pages.libraryManagement.addBookType.actions.update', 2, 'Update book type'),
	(178, 'pages.libraryManagement.addBookType.actions.back', 2, 'Back to book type'),
	(179, 'pages.libraryManagement.addBookType.actions.addToBookType', 2, 'Add to book type'),
	(180, 'pages.libraryManagement.addAuthor', 2, 'Add author'),
	(181, 'pages.libraryManagement.addAuthor.title', 2, 'Adding new author'),
	(182, 'pages.libraryManagement.addAuthor.firstName', 2, 'First name'),
	(183, 'pages.libraryManagement.addAuthor.lastName', 2, 'Last name'),
	(184, 'pages.libraryManagement.addAuthor.actions.create', 2, 'Create author'),
	(185, 'pages.libraryManagement.addAuthor.errors.firstNameEmpty', 2, 'First name should be specified'),
	(186, 'pages.libraryManagement.addAuthor.errors.lastNameEmpty', 2, 'Last name should be specified'),
	(187, 'pages.libraryManagement.addAuthor.errors.authorExists', 2, 'Such author already exists'),
	(188, 'pages.libraryManagement.addAuthor.errors.emptyList', 2, 'At least one criteria should be specified'),
	(189, 'pages.libraryManagement.infoAuthor.title', 2, 'Information about author: {0} {1}'),
	(190, 'pages.libraryManagement.infoAuthor.firstName', 2, 'First name'),
	(191, 'pages.libraryManagement.infoAuthor.lastName', 2, 'Last name'),
	(192, 'pages.libraryManagement.infoAuthor.actions.update', 2, 'Update author'),
	(193, 'pages.libraryManagement.infoAuthor.actions.addToBookType', 2, 'Add to book type'),
	(194, 'pages.libraryManagement.infoAuthor.selectAuthors', 2, 'Selected authors'),
	(195, 'pages.libraryManagement.listAuthors', 2, 'List of authors'),
	(196, 'pages.libraryManagement.listAuthors.title', 2, 'List of all authors'),
	(197, 'pages.libraryManagement.listAuthors.notFound', 2, 'No authors found'),
	(198, 'pages.libraryManagement.listAuthors.actions.apply', 2, 'Apply to book type'),
	(199, 'pages.libraryManagement.listAuthors.actions.delete', 2, 'Delete'),
	(200, 'pages.libraryManagement.listAuthors.actions.info', 2, 'Info'),
	(201, 'pages.libraryManagement.findAuthor', 2, 'Find author'),
	(202, 'pages.libraryManagement.findAuthor.title', 2, 'Search authors by'),
	(203, 'pages.libraryManagement.findAuthor.partOfFirstName', 2, 'Part of first name'),
	(204, 'pages.libraryManagement.findAuthor.partOfLastName', 2, 'Part of last name'),
	(205, 'pages.libraryManagement.findAuthor.actions.find', 2, 'Search author'),
	(206, 'pages.libraryManagement.updateAuthor.title', 2, 'Updating author'),
	(207, 'pages.libraryManagement.updateAuthor.actions.update', 2, 'Update author'),
	(208, 'pages.libraryManagement.updateAuthor.actions.back', 2, 'Back to author info'),
	(209, 'pages.libraryManagement.addGenre', 2, 'Add genre'),
	(210, 'pages.libraryManagement.addGenre.title', 2, 'Adding new genre'),
	(211, 'pages.libraryManagement.addGenre.name', 2, 'Name'),
	(212, 'pages.libraryManagement.addGenre.description', 2, 'Description'),
	(213, 'pages.libraryManagement.addGenre.actions.create', 2, 'Create genre'),
	(214, 'pages.libraryManagement.addGenre.error.nameIsEmpty', 2, 'Genre name should be specified'),
	(215, 'pages.libraryManagement.addGenre.error.nameExists', 2, 'Genre already exists'),
	(216, 'pages.libraryManagement.infoGenre.title', 2, 'Information about {0} genre'),
	(217, 'pages.libraryManagement.infoGenre.name', 2, 'Name'),
	(218, 'pages.libraryManagement.infoGenre.description', 2, 'Description'),
	(219, 'pages.libraryManagement.infoGenre.actions.update', 2, 'Update genre'),
	(220, 'pages.libraryManagement.infoGenre.actions.addToBookType', 2, 'Add to book type'),
	(221, 'pages.libraryManagement.infoGenre.selectGenres', 2, 'Selected genres'),
	(222, 'pages.libraryManagement.listGenres', 2, 'List genres'),
	(223, 'pages.libraryManagement.listGenres.title', 2, 'List of all genres'),
	(224, 'pages.libraryManagement.listGenres.notFound', 2, 'No genres found'),
	(225, 'pages.libraryManagement.listGenres.actions.apply', 2, 'Apply to book type'),
	(226, 'pages.libraryManagement.listGenres.actions.delete', 2, 'Delete'),
	(227, 'pages.libraryManagement.listGenres.actions.info', 2, 'Info'),
	(228, 'pages.libraryManagement.findGenre', 2, 'Find genre'),
	(229, 'pages.libraryManagement.findGenre.title', 2, 'Search genres by'),
	(230, 'pages.libraryManagement.findGenre.partOfName', 2, 'Part of name'),
	(231, 'pages.libraryManagement.findAuthor.partOfDescription', 2, 'Part of description'),
	(232, 'pages.libraryManagement.findGenre.actions.find', 2, 'Search'),
	(233, 'pages.libraryManagement.findGenre.error.emptyFields', 2, 'At least one criteria should be specified'),
	(234, 'pages.libraryManagement.updateGenre.title', 2, 'Updating genre'),
	(235, 'pages.libraryManagement.updateGenre.actions.update', 2, 'Update genre'),
	(236, 'pages.libraryManagement.updateGenre.actions.back', 2, 'Back to genre info'),
	(237, 'pages.libraryManagement.addPublisher', 2, 'Add publisher'),
	(238, 'pages.libraryManagement.addPublisher.name', 2, 'Publisher name'),
	(239, 'pages.libraryManagement.addPublisher.address', 2, 'Publisher address'),
	(240, 'pages.libraryManagement.addPublisher.title', 2, 'Adding new publisher'),
	(241, 'pages.libraryManagement.addPublisher.actions.add', 2, 'Add new publisher'),
	(242, 'pages.libraryManagement.addPublisher.actions.update', 2, 'Update publisher'),
	(243, 'pages.libraryManagement.addPublisher.error.nameIsEmpty', 2, 'Publisher name should be specified'),
	(244, 'pages.libraryManagement.addPublisher.error.nameExists', 2, 'Publisher already exists'),
	(245, 'pages.libraryManagement.updatePublisher.title', 2, 'Updating publisher'),
	(246, 'pages.libraryManagement.updatePublisher.actions.back', 2, 'Back to publisher info'),
	(247, 'pages.libraryManagement.infoPublisher.title', 2, 'Information about {0} publisher'),
	(248, 'pages.libraryManagement.infoPublisher.actions.update', 2, 'Update publisher'),
	(249, 'pages.libraryManagement.infoPublisher.selectPublisher', 2, 'Selected publisher'),
	(250, 'pages.libraryManagement.listPublishers', 2, 'List publishers'),
	(251, 'pages.libraryManagement.listPublishers.title', 2, 'List of all publishers'),
	(252, 'pages.libraryManagement.listPublishers.actions.apply', 2, 'Apply to book type'),
	(253, 'pages.libraryManagement.listPublishers.actions.delete', 2, 'Delete'),
	(254, 'pages.libraryManagement.listPublishers.actions.info', 2, 'Info'),
	(255, 'pages.libraryManagement.listPublishers.notFound', 2, 'No publishers found'),
	(256, 'pages.libraryManagement.findPublisher', 2, 'Find publisher'),
	(257, 'pages.libraryManagement.findPublisher.title', 2, 'Search publishers by'),
	(258, 'pages.libraryManagement.findPublisher.partOfName', 2, 'Part of name'),
	(259, 'pages.libraryManagement.findPublisher.partOfAddress', 2, 'Part of publisher address'),
	(260, 'pages.libraryManagement.findPublisher.actions.find', 2, 'Search'),
	(261, 'pages.libraryManagement.findPublisher.error.emptyFields', 2, 'At least one criteria should be specified'),
	(262, 'pages.libraryManagement.addBookExemplar', 2, 'Add exemplar of book'),
	(263, 'pages.libraryManagement.listBookExemplar', 2, 'List exemplars of book'),
	(264, 'pages.libraryManagement.listBookExemplar.notFound', 2, 'No book exemplars found'),
	(265, 'pages.libraryManagement.listBookExemplar.actions.info', 2, 'Info'),
	(266, 'pages.libraryManagement.listBookExemplar.actions.delete', 2, 'Delete'),
	(267, 'pages.libraryManagement.listBookExemplar.title', 2, 'List of all book exemplars'),
	(268, 'pages.libraryManagement.findBookExemplar', 2, 'Find exemplar of book'),
	(269, 'pages.libraryManagement.findBookExemplar.title', 2, 'Search book exemplars by'),
	(270, 'pages.libraryManagement.findBookExemplar.bookType.isbn', 2, 'Part of ISBN'),
	(271, 'pages.libraryManagement.findBookExemplar.libraryCode', 2, 'Library code'),
	(272, 'pages.libraryManagement.findBookExemplar.active', 2, 'Activation status'),
	(273, 'pages.libraryManagement.findBookExemplar.bookType.name', 2, 'Part of book type name'),
	(274, 'pages.libraryManagement.findBookExemplar.bookType.description', 2, 'Part of book type description'),
	(275, 'pages.libraryManagement.findBookExemplar.actions.find', 2, 'Search'),
	(276, 'pages.libraryManagement.findBookExemplar.errors.emptyFields', 2, 'At least one criteria should be specified'),
	(277, 'pages.libraryManagement.findBookExemplar.errors.libraryCodeIncorrectFormat', 2, 'Invalid format of library code'),
	(278, 'pages.libraryManagement.addBookSerial', 2, 'Add book serial'),
	(279, 'pages.libraryManagement.addBookSerial.title', 2, 'Adding new book serial'),
	(280, 'pages.libraryManagement.addBookSerial.name', 2, 'Book serial name'),
	(281, 'pages.libraryManagement.addBookSerial.description', 2, 'Book serial description'),
	(282, 'pages.libraryManagement.addBookSerial.actions.create', 2, 'Create book serial'),
	(283, 'pages.libraryManagement.addBookSerial.actions.update', 2, 'Update book serial'),
	(284, 'pages.libraryManagement.addBookSerial.bookSerialNameIsEmpty', 2, 'Book serial name should be specified'),
	(285, 'pages.libraryManagement.addBookSerial.bookSerialNameExists', 2, 'Book serial name already exists'),
	(286, 'pages.libraryManagement.updateBookSerial.title', 2, 'Updating book serial'),
	(287, 'pages.libraryManagement.updateBookSerial.actions.back', 2, 'Back to book serial info'),
	(288, 'pages.libraryManagement.infoBookSerial.title', 2, 'Information about {0} book serial'),
	(289, 'pages.libraryManagement.infoBookSerial.selectBookSerial', 2, 'Selected book serial'),
	(290, 'pages.libraryManagement.infoBookSerial.actions.update', 2, 'Update book serial'),
	(291, 'pages.libraryManagement.listBookSerials', 2, 'List of book serials'),
	(292, 'pages.libraryManagement.listBookSerials.title', 2, 'List of all book serials'),
	(293, 'pages.libraryManagement.listBookSerials.notFound', 2, 'No book serials found'),
	(294, 'pages.libraryManagement.listBookSerials.actions.info', 2, 'Info'),
	(295, 'pages.libraryManagement.listBookSerials.actions.delete', 2, 'Delete'),
	(296, 'pages.libraryManagement.listBookSerials.actions.apply', 2, 'Apply to book type'),
	(297, 'pages.libraryManagement.findBookSerial', 2, 'Find book serial'),
	(298, 'pages.libraryManagement.findBookSerial.title', 2, 'Search book serials by'),
	(299, 'pages.libraryManagement.findBookSerial.partOfName', 2, 'Part of name'),
	(300, 'pages.libraryManagement.findBookSerial.partOfDescription', 2, 'Part of description'),
	(301, 'pages.libraryManagement.findBookSerial.actions.find', 2, 'Search'),
	(302, 'pages.libraryManagement.findBookSerial.errors.emptyFields', 2, 'At least one criteria should be specified'),
	(303, 'pages.personManagement.listAssigned', 2, 'List of assigned book'),
	(304, 'pages.personManagement.findAssigned', 2, 'Find assigned book'),
	(305, 'pages.personManagement.settings', 2, 'Personal settings'),
	(306, 'pages.personManagement.settings.title', 2, 'Settings'),
	(307, 'pages.personManagement.settings.language', 2, 'Select language'),
	(308, 'pages.personManagement.settings.actions.update', 2, 'Update settings'),
	(309, 'pages.personManagement.settings.actions.back', 2, 'Back to settings'),
	(310, 'pages.personManagement.updateSettings.title', 2, 'Updating settings'),
	(311, 'pages.personManagement.infoUser', 2, 'User information'),
	(312, 'pages.login.title', 1, 'Вход в систему'),
	(313, 'pages.loginForm.title', 1, 'Войдите в систему управления библиотекой'),
	(314, 'pages.loginForm.username', 1, 'Имя пользователя'),
	(315, 'pages.loginForm.password', 1, 'Пароль'),
	(316, 'pages.loginForm.submit', 1, 'Войти'),
	(317, 'pages.login.errors.loginIsWrong', 1, 'Нет такого юзера или пароль неверен'),
	(318, 'pages.login.errors.loginIsEmpty', 1, 'Имя пользователя должно быть указано'),
	(319, 'pages.login.errors.passwordIsEmpty', 1, 'Пароль должен быть указан'),
	(320, 'pages.header.welcome', 1, 'Привет, {0}!'),
	(321, 'pages.header.logout', 1, 'Выйти'),
	(322, 'pages.footer.basedOn', 1, 'Основан на'),
	(323, 'pages.standard.title', 1, 'Система управления библиотекой'),
	(324, 'pages.standard.top_menu.userManagement', 1, 'Управление пользователями'),
	(325, 'pages.standard.top_menu.roleManagement', 1, 'Управление ролями'),
	(326, 'pages.standard.top_menu.libraryManagement', 1, 'Управление библиотекой'),
	(327, 'pages.standard.top_menu.personalManagement', 1, 'Персональные настройки'),
	(328, 'pages.userManagement.addUser', 1, 'Добавить юзера'),
	(329, 'pages.userManagement.addUser.title', 1, 'Добавить нового юзера'),
	(330, 'pages.userManagement.addUser.login', 1, 'Имя пользователя'),
	(331, 'pages.userManagement.addUser.password', 1, 'Пароль пользователя'),
	(332, 'pages.userManagement.addUser.firstName', 1, 'Имя'),
	(333, 'pages.userManagement.addUser.lastName', 1, 'Фамилия'),
	(334, 'pages.userManagement.addUser.passportNumber', 1, 'Номер паспорта'),
	(335, 'pages.userManagement.addUser.address', 1, 'Адрес паспорта'),
	(336, 'pages.userManagement.addUser.add', 1, 'Добавить пользователя'),
	(337, 'pages.userManagement.listUsers', 1, 'Список пользователей'),
	(338, 'pages.userManagement.findUser', 1, 'Найти пользователя'),
	(339, 'pages.userManagement.findUser.allPagesAreEmpty', 1, 'Как минимум одна из критерий поиска должна быть определена'),
	(340, 'pages.userManagement.infoUser.title', 1, 'Информация о пользователе: {0}'),
	(341, 'pages.userManagement.infoUser.login', 1, 'Имя пользователя'),
	(342, 'pages.userManagement.infoUser.password', 1, 'Пароль пользователя'),
	(343, 'pages.userManagement.infoUser.firstName', 1, 'Имя'),
	(344, 'pages.userManagement.infoUser.lastName', 1, 'Фамилия'),
	(345, 'pages.userManagement.infoUser.passportNumber', 1, 'Номер паспорта'),
	(346, 'pages.userManagement.infoUser.address', 1, 'Адресс пользователя'),
	(347, 'pages.userManagement.infoUser.isActive', 1, 'Статус активации'),
	(348, 'pages.userManagement.infoUser.update', 1, 'Изменить пользователя'),
	(349, 'pages.userManagement.infoUser.Roles', 1, 'Список ролей'),
	(350, 'pages.userManagement.infoUser.Roles.delete', 1, 'Удалить роль'),
	(351, 'pages.userManagement.infoUser.Roles.addRole', 1, 'Добавить роль'),
	(352, 'pages.userManagement.updateUser.title', 1, 'Обновление информации о пользователе'),
	(353, 'pages.userManagement.updateUser.back', 1, 'Назад к пользователю'),
	(354, 'pages.userManagement.updateUser.errors.passportNumber', 1, 'Номер паспорта должен быть определен'),
	(355, 'pages.userManagement.updateUser.errors.loginExists', 1, 'Такое имя пользователя уже существует'),
	(356, 'pages.userManagement.updateUser.errors.passNumberExists', 1, 'Такой номер паспорта уже существует'),
	(357, 'pages.userManagement.userFind.title', 1, 'Искать пользователей по'),
	(358, 'pages.userManagement.userFind.firstName', 1, 'Части имени'),
	(359, 'pages.userManagement.userFind.lastName', 1, 'Части фамилии'),
	(360, 'pages.userManagement.userFind.address', 1, 'Части адреса'),
	(361, 'pages.userManagement.userFind.passport', 1, 'Части номера паспорта'),
	(362, 'pages.userManagement.userFind.actions.find', 1, 'Искать'),
	(363, 'pages.userManagement.userList.title', 1, 'Список пользователей'),
	(364, 'pages.userManagement.userList.login', 1, 'Имя пользователя'),
	(365, 'pages.userManagement.userList.password', 1, 'Пароль пользователя'),
	(366, 'pages.userManagement.userList.firstName', 1, 'Имя'),
	(367, 'pages.userManagement.userList.lastName', 1, 'Фамилия'),
	(368, 'pages.userManagement.userList.passportNumber', 1, 'Номер паспорта'),
	(369, 'pages.userManagement.userList.address', 1, 'Адрес пользователя'),
	(370, 'pages.userManagement.userList.isActive', 1, 'Статус активации'),
	(371, 'pages.userManagement.userList.actions.info', 1, 'Информация'),
	(372, 'pages.userManagement.userList.noFound', 1, 'Нет найденных пользователей'),
	(373, 'pages.userManagement.addRoles.name', 1, 'Имя роли'),
	(374, 'pages.userManagement.addRoles.description', 1, 'Описание роли'),
	(375, 'pages.userManagement.addRoles.actions.info', 1, 'Информация'),
	(376, 'pages.userManagement.addRoles.actions.add', 1, 'Добавить роли'),
	(377, 'pages.roleManagement.addRole', 1, 'Добавить роль'),
	(378, 'pages.roleManagement.addRole.title', 1, 'Добавление новой роли'),
	(379, 'pages.roleManagement.addRole.createRole', 1, 'Создать роль'),
	(380, 'pages.roleManagement.infoRole.errors.nameEmpty', 1, 'Имя роли должно быть определено'),
	(381, 'pages.roleManagement.infoRole.errors.nameExists', 1, 'Такое имя роли уже существует'),
	(382, 'pages.roleManagement.infoRole.title', 1, 'информация о роли: {0}'),
	(383, 'pages.roleManagement.infoRole.name', 1, 'Имя роли'),
	(384, 'pages.roleManagement.infoRole.description', 1, 'Описание роли'),
	(385, 'pages.roleManagement.infoRole.actions.update', 1, 'Изменить роль'),
	(386, 'pages.roleManagement.infoRole.permissionRole', 1, 'Права роли'),
	(387, 'pages.roleManagement.listRoles', 1, 'Список ролей'),
	(388, 'pages.roleManagement.listRoles.actions.info', 1, 'Информация'),
	(389, 'pages.roleManagement.listRoles.title', 1, 'Список ролей'),
	(390, 'pages.roleManagement.listRoles.title.notFound', 1, 'Нет найденных ролей'),
	(391, 'pages.roleManagement.updateRole.title', 1, 'Обновление роли'),
	(392, 'pages.roleManagement.updateRole.back', 1, 'Назад к роли'),
	(393, 'pages.roleManagement.findRole', 1, 'Найти роль'),
	(394, 'pages.roleManagement.findRole.name', 1, 'Части имени'),
	(395, 'pages.roleManagement.findRole.description', 1, 'Части описания'),
	(396, 'pages.roleManagement.findRole.title', 1, 'Искать роли по'),
	(397, 'pages.roleManagement.findRole.findRoles', 1, 'Найти роли'),
	(398, 'pages.roleManagement.findRole.errors.emptyFields', 1, 'Как минимум одна из критерий поиска должна быть определена'),
	(399, 'pages.roleManagement.permission.forRole', 1, 'Права для {0} роли'),
	(400, 'pages.roleManagement.permission.back', 1, 'Назад к правам роли'),
	(401, 'pages.roleManagement.permission.addForRole', 1, 'Добавить права в {0} роль'),
	(402, 'pages.roleManagement.permission.notFound', 1, 'Нет найденных прав'),
	(403, 'pages.roleManagement.permission.code', 1, 'Код'),
	(404, 'pages.roleManagement.permission.description', 1, 'Описание'),
	(405, 'pages.roleManagement.permission.addToRole', 1, 'Добавить в роль'),
	(406, 'pages.roleManagement.permission.remove', 1, 'Удалить'),
	(407, 'pages.roleManagement.permission.deletePermission', 1, 'Удалить права из роли'),
	(408, 'pages.roleManagement.permission.addPermission', 1, 'Добавить права в роль'),
	(409, 'pages.libraryManagement.backToLibraryManagement', 1, 'Назад к управлению библиотекой'),
	(410, 'pages.libraryManagement.bookManagement', 1, 'Управление книгами'),
	(411, 'pages.libraryManagement.bookManagement.back', 1, 'Назад к управлению книгами'),
	(412, 'pages.libraryManagement.bookExemplarManagement', 1, 'Управление экземплярами'),
	(413, 'pages.libraryManagement.bookTypeManagement', 1, 'Управление книгами'),
	(414, 'pages.libraryManagement.bookSerialManagement', 1, 'Управление сериями книг'),
	(415, 'pages.libraryManagement.genreManagement', 1, 'Управления жанрами'),
	(416, 'pages.libraryManagement.authorManagement', 1, 'Управление авторами'),
	(417, 'pages.libraryManagement.publisherManagement', 1, 'Управление издателями'),
	(418, 'pages.libraryManagement.bookOrderingManagement', 1, 'Книги на руках'),
	(419, 'pages.libraryManagement.bookHistoryManagement', 1, 'История взятых книг'),
	(420, 'pages.libraryManagement.bookExemplar.libraryCode', 1, 'Код книги'),
	(421, 'pages.libraryManagement.bookExemplar.isActive', 1, 'Статус активации'),
	(422, 'pages.libraryManagement.bookExemplar.actions.update', 1, 'Изменить экземпляр'),
	(423, 'pages.libraryManagement.infoBookExemplar.title', 1, 'Информация об {0}:{1}:{2} экзепляре'),
	(424, 'pages.libraryManagement.updateBookExemplar.actions.back', 1, 'Назад к экземпляру'),
	(425, 'pages.libraryManagement.addBook', 1, 'Добавить книгу'),
	(426, 'pages.libraryManagement.addBook.back', 1, 'Назад к экземпляру'),
	(427, 'pages.libraryManagement.addBook.save', 1, 'Сохранить книгу'),
	(428, 'pages.libraryManagement.addBook.error.bookNameIsEmpty', 1, 'Имя книги должно быть определено'),
	(429, 'pages.libraryManagement.addBook.error.libraryCodeIsEmpty', 1, 'Код книги должен быть определен'),
	(430, 'pages.libraryManagement.addBook.error.isbnIsEmpty', 1, 'ISBN должен быть определен'),
	(431, 'pages.libraryManagement.addBook.error.isbnExists', 1, 'ISBN уже существует'),
	(432, 'pages.libraryManagement.addBook.error.isbnWithSuchLibraryCodeExists', 1, 'Такой код книги для выбранного ISBN уже существует'),
	(433, 'pages.libraryManagement.addBook.error.noBookISBN', 1, 'ISBN должен быть выбран'),
	(434, 'pages.libraryManagement.addBook.error.noPublisher', 1, 'Издатель должен быть выбран'),
	(435, 'pages.libraryManagement.addBook.error.noAuthors', 1, 'Как минимум один автор должен быть выбран'),
	(436, 'pages.libraryManagement.addBook.error.noGenres', 1, 'Как минимум один жанр должен быть выбран'),
	(437, 'pages.libraryManagement.addBook.noISBN', 1, 'ISBN не определен'),
	(438, 'pages.libraryManagement.addBook.noBookName', 1, 'Имя книги не определено'),
	(439, 'pages.libraryManagement.addBook.noBookDescription', 1, 'Описание книги не найдено'),
	(440, 'pages.libraryManagement.addBook.noBookSerial', 1, 'Серия книги не определена'),
	(441, 'pages.libraryManagement.addBook.noPublisher', 1, 'Издатель не определен'),
	(442, 'pages.libraryManagement.addBook.noAuthors', 1, 'Нет авторов'),
	(443, 'pages.libraryManagement.addBook.noGenres', 1, 'Нет жанров'),
	(444, 'pages.libraryManagement.addBook.title', 1, 'Добавление новой книги'),
	(445, 'pages.libraryManagement.addBook.addISBN', 1, 'Выбрать ISBN'),
	(446, 'pages.libraryManagement.addBook.addBookSerial', 1, 'Выбрать серию'),
	(447, 'pages.libraryManagement.addBook.addPublisher', 1, 'Выбрать издателя'),
	(448, 'pages.libraryManagement.addBook.addAuthors', 1, 'Выбрать авторов'),
	(449, 'pages.libraryManagement.addBook.addGenres', 1, 'Выбрать жанры'),
	(450, 'pages.libraryManagement.listAssigned', 1, 'Список взятых книг'),
	(451, 'pages.libraryManagement.findAssigned', 1, 'Найти взятые книги'),
	(452, 'pages.libraryManagement.listHistory', 1, 'История о взятых книгах'),
	(453, 'pages.libraryManagement.findHistory', 1, 'Найти книгу в истории'),
	(454, 'pages.libraryManagement.bookType.isbn', 1, 'ISBN'),
	(455, 'pages.libraryManagement.bookType.name', 1, 'Имя книги'),
	(456, 'pages.libraryManagement.bookType.description', 1, 'Описание'),
	(457, 'pages.libraryManagement.bookType.bookSerial', 1, 'Серия книги'),
	(458, 'pages.libraryManagement.bookType.publisher', 1, 'Издатель'),
	(459, 'pages.libraryManagement.bookType.authors', 1, 'Авторы книги'),
	(460, 'pages.libraryManagement.bookType.genres', 1, 'Жанры книги'),
	(461, 'pages.libraryManagement.bookType.actions.info', 1, 'Информация'),
	(462, 'pages.libraryManagement.bookType.actions.delete', 1, 'Удалить'),
	(463, 'pages.libraryManagement.bookType.actions.apply', 1, 'Принять'),
	(464, 'pages.libraryManagement.infoBookType.title', 1, 'Информация о {0} книге'),
	(465, 'pages.libraryManagement.infoBookType.viewBookSerial', 1, 'Посмотреть серию книги'),
	(466, 'pages.libraryManagement.infoBookType.viewPublisher', 1, 'Посмотреть издателя'),
	(467, 'pages.libraryManagement.infoBookType.viewAuthors', 1, 'Посмотреть авторов'),
	(468, 'pages.libraryManagement.infoBookType.viewGenres', 1, 'Посмотреть жанры'),
	(469, 'pages.libraryManagement.infoBookType.additionalInfo.bookSerial', 1, 'Дополнительная информация о серии книги'),
	(470, 'pages.libraryManagement.infoBookType.additionalInfo.bookSerial.notFound', 1, 'У книги нет серии'),
	(471, 'pages.libraryManagement.infoBookType.additionalInfo.publisher', 1, 'Дополнительная информация об издателе'),
	(472, 'pages.libraryManagement.infoBookType.additionalInfo.authors', 1, 'Дополнительная информация об авторах'),
	(473, 'pages.libraryManagement.infoBookType.additionalInfo.genres', 1, 'Дополнительная информация о жанрах'),
	(474, 'pages.libraryManagement.infoBookType.actions.update', 1, 'Изменить книгу'),
	(475, 'pages.libraryManagement.addBookType', 1, 'Добавить книгу'),
	(476, 'pages.libraryManagement.listBookTypes', 1, 'Список книг'),
	(477, 'pages.libraryManagement.listBookType.title', 1, 'Список всех книг'),
	(478, 'pages.libraryManagement.listBookType.notFound', 1, 'Нет найденных книг'),
	(479, 'pages.libraryManagement.findBookType', 1, 'Найти книгу'),
	(480, 'pages.libraryManagement.findBookType.title', 1, 'Искать книгу по'),
	(481, 'pages.libraryManagement.findBookType.isbn', 1, 'Части ISBN'),
	(482, 'pages.libraryManagement.findBookType.name', 1, 'Части имени'),
	(483, 'pages.libraryManagement.findBookType.description', 1, 'Части описания'),
	(484, 'pages.libraryManagement.findBookType.actions.find', 1, 'Искать'),
	(485, 'pages.libraryManagement.findBookType.errors.emptyFields', 1, 'Как минимум одна из критерий поиска должна быть определена'),
	(486, 'pages.libraryManagement.addBookType.title', 1, 'Добавление новой книги'),
	(487, 'pages.libraryManagement.addBookType.actions.save', 1, 'Сохранить книгу'),
	(488, 'pages.libraryManagement.addBookType.actions.update', 1, 'Изменить книгу'),
	(489, 'pages.libraryManagement.addBookType.actions.back', 1, 'Назад к книге'),
	(490, 'pages.libraryManagement.addBookType.actions.addToBookType', 1, 'Добавить к ниге'),
	(491, 'pages.libraryManagement.addAuthor', 1, 'Дабавить автора'),
	(492, 'pages.libraryManagement.addAuthor.title', 1, 'Добавление нового автора'),
	(493, 'pages.libraryManagement.addAuthor.firstName', 1, 'Имя'),
	(494, 'pages.libraryManagement.addAuthor.lastName', 1, 'Фамилия'),
	(495, 'pages.libraryManagement.addAuthor.actions.create', 1, 'Создать автора'),
	(496, 'pages.libraryManagement.addAuthor.errors.firstNameEmpty', 1, 'Имя должно быть определено'),
	(497, 'pages.libraryManagement.addAuthor.errors.lastNameEmpty', 1, 'Фамилия должна быть определена'),
	(498, 'pages.libraryManagement.addAuthor.errors.authorExists', 1, 'Такой автор уже существует'),
	(499, 'pages.libraryManagement.addAuthor.errors.emptyList', 1, 'Как минимум одна из критерий поиска должна быть определена'),
	(500, 'pages.libraryManagement.infoAuthor.title', 1, 'Информация об авторе: {0} {1}'),
	(501, 'pages.libraryManagement.infoAuthor.firstName', 1, 'Имя'),
	(502, 'pages.libraryManagement.infoAuthor.lastName', 1, 'Фамилия'),
	(503, 'pages.libraryManagement.infoAuthor.actions.update', 1, 'Изменить автора'),
	(504, 'pages.libraryManagement.infoAuthor.actions.addToBookType', 1, 'Добавить к книге'),
	(505, 'pages.libraryManagement.infoAuthor.selectAuthors', 1, 'Выбранные авторы'),
	(506, 'pages.libraryManagement.listAuthors', 1, 'Список авторов'),
	(507, 'pages.libraryManagement.listAuthors.title', 1, 'Список всех авторов'),
	(508, 'pages.libraryManagement.listAuthors.notFound', 1, 'Нет найденных авторов'),
	(509, 'pages.libraryManagement.listAuthors.actions.apply', 1, 'Добавить к книге'),
	(510, 'pages.libraryManagement.listAuthors.actions.delete', 1, 'Удалить'),
	(511, 'pages.libraryManagement.listAuthors.actions.info', 1, 'Информация'),
	(512, 'pages.libraryManagement.findAuthor', 1, 'Найти автора'),
	(513, 'pages.libraryManagement.findAuthor.title', 1, 'Искать авторов по'),
	(514, 'pages.libraryManagement.findAuthor.partOfFirstName', 1, 'Части имени'),
	(515, 'pages.libraryManagement.findAuthor.partOfLastName', 1, 'Части фамилии'),
	(516, 'pages.libraryManagement.findAuthor.actions.find', 1, 'Искать'),
	(517, 'pages.libraryManagement.updateAuthor.title', 1, 'Изменение автора'),
	(518, 'pages.libraryManagement.updateAuthor.actions.update', 1, 'Изменить'),
	(519, 'pages.libraryManagement.updateAuthor.actions.back', 1, 'Назад к автору'),
	(520, 'pages.libraryManagement.addGenre', 1, 'Добавить жанр'),
	(521, 'pages.libraryManagement.addGenre.title', 1, 'Добавление нового жанра'),
	(522, 'pages.libraryManagement.addGenre.name', 1, 'Название'),
	(523, 'pages.libraryManagement.addGenre.description', 1, 'Описание'),
	(524, 'pages.libraryManagement.addGenre.actions.create', 1, 'Создать'),
	(525, 'pages.libraryManagement.addGenre.error.nameIsEmpty', 1, 'Название должно быть определено'),
	(526, 'pages.libraryManagement.addGenre.error.nameExists', 1, 'Такой жанр уже существует'),
	(527, 'pages.libraryManagement.infoGenre.title', 1, 'Информация о {0} жанре'),
	(528, 'pages.libraryManagement.infoGenre.name', 1, 'Название'),
	(529, 'pages.libraryManagement.infoGenre.description', 1, 'Описание'),
	(530, 'pages.libraryManagement.infoGenre.actions.update', 1, 'Изменить'),
	(531, 'pages.libraryManagement.infoGenre.actions.addToBookType', 1, 'Добавить к книге'),
	(532, 'pages.libraryManagement.infoGenre.selectGenres', 1, 'Выбранные жанры'),
	(533, 'pages.libraryManagement.listGenres', 1, 'Список жанров'),
	(534, 'pages.libraryManagement.listGenres.title', 1, 'Список всех жанров'),
	(535, 'pages.libraryManagement.listGenres.notFound', 1, 'Нет найденных жанров'),
	(536, 'pages.libraryManagement.listGenres.actions.apply', 1, 'Добавить к книге'),
	(537, 'pages.libraryManagement.listGenres.actions.delete', 1, 'Удалить'),
	(538, 'pages.libraryManagement.listGenres.actions.info', 1, 'Информация'),
	(539, 'pages.libraryManagement.findGenre', 1, 'Найти жанр'),
	(540, 'pages.libraryManagement.findGenre.title', 1, 'Найти жанр по'),
	(541, 'pages.libraryManagement.findGenre.partOfName', 1, 'Части названия'),
	(542, 'pages.libraryManagement.findAuthor.partOfDescription', 1, 'Части описания'),
	(543, 'pages.libraryManagement.findGenre.actions.find', 1, 'Искать'),
	(544, 'pages.libraryManagement.findGenre.error.emptyFields', 1, 'Как минимум одна из критерий поиска должна быть определена'),
	(545, 'pages.libraryManagement.updateGenre.title', 1, 'Изменение жанра'),
	(546, 'pages.libraryManagement.updateGenre.actions.update', 1, 'Изменить'),
	(547, 'pages.libraryManagement.updateGenre.actions.back', 1, 'Назад к жанру'),
	(548, 'pages.libraryManagement.addPublisher', 1, 'Добавить издателя'),
	(549, 'pages.libraryManagement.addPublisher.name', 1, 'Название'),
	(550, 'pages.libraryManagement.addPublisher.address', 1, 'Адрес'),
	(551, 'pages.libraryManagement.addPublisher.title', 1, 'Добавление нового издателя'),
	(552, 'pages.libraryManagement.addPublisher.actions.add', 1, 'Добавить'),
	(553, 'pages.libraryManagement.addPublisher.actions.update', 1, 'Изменить'),
	(554, 'pages.libraryManagement.addPublisher.error.nameIsEmpty', 1, 'Название издателя должно быть определено'),
	(555, 'pages.libraryManagement.addPublisher.error.nameExists', 1, 'Такой издатель уже существует'),
	(556, 'pages.libraryManagement.updatePublisher.title', 1, 'Изменение издателя'),
	(557, 'pages.libraryManagement.updatePublisher.actions.back', 1, 'Назад к издателю'),
	(558, 'pages.libraryManagement.infoPublisher.title', 1, 'Информация об {0} издателе'),
	(559, 'pages.libraryManagement.infoPublisher.actions.update', 1, 'Изменить'),
	(560, 'pages.libraryManagement.infoPublisher.selectPublisher', 1, 'Выбранный издатель'),
	(561, 'pages.libraryManagement.listPublishers', 1, 'Список издателей'),
	(562, 'pages.libraryManagement.listPublishers.title', 1, 'Список всех издателей'),
	(563, 'pages.libraryManagement.listPublishers.actions.apply', 1, 'Добавить к книге'),
	(564, 'pages.libraryManagement.listPublishers.actions.delete', 1, 'Удалить'),
	(565, 'pages.libraryManagement.listPublishers.actions.info', 1, 'Информация'),
	(566, 'pages.libraryManagement.listPublishers.notFound', 1, 'Нет выбранных издателей'),
	(567, 'pages.libraryManagement.findPublisher', 1, 'Найти издателя'),
	(568, 'pages.libraryManagement.findPublisher.title', 1, 'Искать издателя по'),
	(569, 'pages.libraryManagement.findPublisher.partOfName', 1, 'Части названия'),
	(570, 'pages.libraryManagement.findPublisher.partOfAddress', 1, 'Части адреса'),
	(571, 'pages.libraryManagement.findPublisher.actions.find', 1, 'Искать'),
	(572, 'pages.libraryManagement.findPublisher.error.emptyFields', 1, 'Как минимум одна из критерий поиска должна быть определена'),
	(573, 'pages.libraryManagement.addBookExemplar', 1, 'Добавить экземпляр'),
	(574, 'pages.libraryManagement.listBookExemplar', 1, 'Список экземпляров'),
	(575, 'pages.libraryManagement.listBookExemplar.notFound', 1, 'Нет найденных экземпляров'),
	(576, 'pages.libraryManagement.listBookExemplar.actions.info', 1, 'Информация'),
	(577, 'pages.libraryManagement.listBookExemplar.actions.delete', 1, 'Удалить'),
	(578, 'pages.libraryManagement.listBookExemplar.title', 1, 'Список всех экземпляров'),
	(579, 'pages.libraryManagement.findBookExemplar', 1, 'Найти экземпляр'),
	(580, 'pages.libraryManagement.findBookExemplar.title', 1, 'Искать экземпляр по'),
	(581, 'pages.libraryManagement.findBookExemplar.bookType.isbn', 1, 'Части ISBN'),
	(582, 'pages.libraryManagement.findBookExemplar.libraryCode', 1, 'Части кода книги'),
	(583, 'pages.libraryManagement.findBookExemplar.active', 1, 'Статусу активации'),
	(584, 'pages.libraryManagement.findBookExemplar.bookType.name', 1, 'Части названия'),
	(585, 'pages.libraryManagement.findBookExemplar.bookType.description', 1, 'Части описания'),
	(586, 'pages.libraryManagement.findBookExemplar.actions.find', 1, 'Искать'),
	(587, 'pages.libraryManagement.findBookExemplar.errors.emptyFields', 1, 'Как минимум одна из критерий поиска должна быть определена'),
	(588, 'pages.libraryManagement.findBookExemplar.errors.libraryCodeIncorrectFormat', 1, 'Неверный формат кода книги'),
	(589, 'pages.libraryManagement.addBookSerial', 1, 'Добавить серию книг'),
	(590, 'pages.libraryManagement.addBookSerial.title', 1, 'Добавление новой серии книг'),
	(591, 'pages.libraryManagement.addBookSerial.name', 1, 'Название серии'),
	(592, 'pages.libraryManagement.addBookSerial.description', 1, 'Описание серии'),
	(593, 'pages.libraryManagement.addBookSerial.actions.create', 1, 'Создать'),
	(594, 'pages.libraryManagement.addBookSerial.actions.update', 1, 'Изменить'),
	(595, 'pages.libraryManagement.addBookSerial.bookSerialNameIsEmpty', 1, 'Название серии должно быть определено'),
	(596, 'pages.libraryManagement.addBookSerial.bookSerialNameExists', 1, 'Такая серия уже сеществует'),
	(597, 'pages.libraryManagement.updateBookSerial.title', 1, 'Изменение серии книг'),
	(598, 'pages.libraryManagement.updateBookSerial.actions.back', 1, 'Назад к серии'),
	(599, 'pages.libraryManagement.infoBookSerial.title', 1, 'Информация о {0} серии'),
	(600, 'pages.libraryManagement.infoBookSerial.selectBookSerial', 1, 'Выбранная серия'),
	(601, 'pages.libraryManagement.infoBookSerial.actions.update', 1, 'Изменить'),
	(602, 'pages.libraryManagement.listBookSerials', 1, 'Список серий книг'),
	(603, 'pages.libraryManagement.listBookSerials.title', 1, 'Список всех серий книг'),
	(604, 'pages.libraryManagement.listBookSerials.notFound', 1, 'Нет найденных серий книг'),
	(605, 'pages.libraryManagement.listBookSerials.actions.info', 1, 'Информация'),
	(606, 'pages.libraryManagement.listBookSerials.actions.delete', 1, 'Удалить'),
	(607, 'pages.libraryManagement.listBookSerials.actions.apply', 1, 'Добавить к книге'),
	(608, 'pages.libraryManagement.findBookSerial', 1, 'Найти серии книг'),
	(609, 'pages.libraryManagement.findBookSerial.title', 1, 'Искать серии по'),
	(610, 'pages.libraryManagement.findBookSerial.partOfName', 1, 'Части названия'),
	(611, 'pages.libraryManagement.findBookSerial.partOfDescription', 1, 'Части описания'),
	(612, 'pages.libraryManagement.findBookSerial.actions.find', 1, 'Искать'),
	(613, 'pages.libraryManagement.findBookSerial.errors.emptyFields', 1, 'Как минимум одна из критерий поиска должна быть определена'),
	(614, 'pages.personManagement.listAssigned', 1, 'Список взятых книг'),
	(615, 'pages.personManagement.findAssigned', 1, 'Найти взятые книги'),
	(616, 'pages.personManagement.settings', 1, 'Настройки'),
	(617, 'pages.personManagement.settings.title', 1, 'Настройки'),
	(618, 'pages.personManagement.settings.language', 1, 'Выберите язык'),
	(619, 'pages.personManagement.settings.actions.update', 1, 'Изменить настройки'),
	(620, 'pages.personManagement.settings.actions.back', 1, 'Назад к настройкам'),
	(621, 'pages.personManagement.updateSettings.title', 1, 'Изменение настроек'),
	(622, 'pages.personManagement.infoUser', 1, 'Информация о пользователе');
/*!40000 ALTER TABLE `message` ENABLE KEYS */;

-- Dumping data for table librarydb.permission: ~3 rows (approximately)
/*!40000 ALTER TABLE `permission` DISABLE KEYS */;
INSERT INTO `permission` (`ID`, `CODE`, `DESCRIPTION`) VALUES
	(1, 'USER_CAN_LOGIN', 'user can login to system'),
	(2, 'CAN_DO_SOMETHING', NULL),
	(3, 'CAN_DO_SOMETHINFG_ELSE', NULL);
/*!40000 ALTER TABLE `permission` ENABLE KEYS */;

-- Dumping data for table librarydb.publisher: ~5 rows (approximately)
/*!40000 ALTER TABLE `publisher` DISABLE KEYS */;
INSERT INTO `publisher` (`ID`, `NAME`, `ADDRESS`) VALUES
	(1, 'publisher1', 'publisher1 description'),
	(2, 'publisher2', 'publisher2 description'),
	(3, 'publisher3', 'publisher3 description'),
	(4, 'publisher4', 'publisher4 description'),
	(5, 'publisher5', 'publisher5 description');
/*!40000 ALTER TABLE `publisher` ENABLE KEYS */;

-- Dumping data for table librarydb.role: ~4 rows (approximately)
/*!40000 ALTER TABLE `role` DISABLE KEYS */;
INSERT INTO `role` (`ID`, `NAME`, `DESCRIPTION`) VALUES
	(1, 'root', 'root role'),
	(3, 'manager', 'manager role'),
	(4, 'user', 'user role'),
	(5, 'test', 'test role');
/*!40000 ALTER TABLE `role` ENABLE KEYS */;

-- Dumping data for table librarydb.role_permission: ~5 rows (approximately)
/*!40000 ALTER TABLE `role_permission` DISABLE KEYS */;
INSERT INTO `role_permission` (`ROLE_ID`, `PERMISSION_ID`) VALUES
	(1, 1),
	(4, 1),
	(5, 1),
	(3, 2),
	(4, 2);
/*!40000 ALTER TABLE `role_permission` ENABLE KEYS */;

-- Dumping data for table librarydb.user: ~3 rows (approximately)
/*!40000 ALTER TABLE `user` DISABLE KEYS */;
INSERT INTO `user` (`ID`, `LOGIN`, `PASSWORD`, `FIRST_NAME`, `LAST_NAME`, `PASS_NUMBER`, `ADDRESS`, `IS_ACTIVE`) VALUES
	(1, 'user', '1', 'user_F_N', 'user_L_N', '787687', 'city', 1),
	(2, 'user1', '1', 'user1_F_N', 'user1_L_N', '123455', 'city1', 1),
	(3, 'user2', '1', 'user2_F_N', 'user2_L_N', '421425', 'city2', 0);
/*!40000 ALTER TABLE `user` ENABLE KEYS */;

-- Dumping data for table librarydb.user_role: ~4 rows (approximately)
/*!40000 ALTER TABLE `user_role` DISABLE KEYS */;
INSERT INTO `user_role` (`USER_ID`, `ROLE_ID`) VALUES
	(1, 1),
	(3, 3),
	(1, 4),
	(2, 4);
/*!40000 ALTER TABLE `user_role` ENABLE KEYS */;
/*!40014 SET FOREIGN_KEY_CHECKS=1 */;
/*!40101 SET CHARACTER_SET_CLIENT=@OLD_CHARACTER_SET_CLIENT */;
